{
    "const":                   21.965208,
    "fixed acidity":            0.024991,
    "volatile acidity":        -1.083590,
    "citric acid":             -0.182564,
    "residual sugar":           0.016331,
    "chlorides":               -1.874225,
    "free sulfur dioxide":      0.004361,
    "total sulfur dioxide":    -0.003265,
    "density":                -17.881164,
    "pH":                      -0.413653,
    "sulphates":                0.916334,
    "alcohol":                  0.276198
}
