{
    "const":                   21.965208,
    "fixed_acidity":            0.024991,
    "volatile_acidity":        -1.083590,
    "citric_acid":             -0.182564,
    "residual_sugar":           0.016331,
    "chlorides":               -1.874225,
    "free_sulfur_dioxide":      0.004361,
    "total_sulfur_dioxide":    -0.003265,
    "density":                -17.881164,
    "pH":                      -0.413653,
    "sulphates":                0.916334,
    "alcohol":                  0.276198
}
